ID,condition,RT
ldt2_s04,word,0.4393108513345612
ldt2_s04,word,0.44730112318960635
ldt2_s04,word,0.45052367300684865
ldt2_s04,word,0.4615426822479494
ldt2_s04,word,0.38765698305058177
ldt2_s04,word,0.5273410161538081
ldt2_s04,word,0.428084841688684
ldt2_s04,word,0.4303225630924217
ldt2_s04,word,0.5588034690379174
ldt2_s04,word,0.4686658474817808
ldt2_s04,word,0.3733214907121134
ldt2_s04,word,0.44844378775607846
ldt2_s04,word,0.44377642406491385
ldt2_s04,word,0.4959241310178861
ldt2_s04,word,0.41750190612640936
ldt2_s04,word,0.36940159556189267
ldt2_s04,word,0.508623953232169
ldt2_s04,word,0.38776485307820674
ldt2_s04,word,0.37401897257624295
ldt2_s04,word,0.4475360875834009
ldt2_s04,word,0.4644763328191506
ldt2_s04,word,0.4960661182215136
ldt2_s04,word,0.43688053909730307
ldt2_s04,word,0.4383048977392307
ldt2_s04,word,0.4998176158573361
ldt2_s04,nonword,0.9083419696334815
ldt2_s04,nonword,0.8915598203659796
ldt2_s04,nonword,0.9112036532131415
ldt2_s04,nonword,0.9857074791641022
ldt2_s04,nonword,0.8844543222075396
ldt2_s04,nonword,0.8619681604565689
ldt2_s04,nonword,0.8969832963142789
ldt2_s04,nonword,0.9616955858780103
ldt2_s04,nonword,0.8919728021430808
ldt2_s04,nonword,0.9752891590699118
ldt2_s04,nonword,0.9696153670421065
ldt2_s04,nonword,0.8217652565156932
ldt2_s04,nonword,0.8489392736297477
ldt2_s04,nonword,0.8431765591454655
ldt2_s04,nonword,0.9268466716479151
ldt2_s04,nonword,0.895026278067009
ldt2_s04,nonword,0.8551317065628807
ldt2_s04,nonword,0.9085097419214813
ldt2_s04,nonword,1.0147399674222455
ldt2_s04,nonword,0.9840335459194682
ldt2_s04,nonword,0.8400777516658438
ldt2_s04,nonword,0.8046860966348768
ldt2_s04,nonword,0.9925126160536946
ldt2_s04,nonword,0.8389741745333983
ldt2_s04,nonword,0.9380541845120174
