ID,condition,RT
ldt2_s04,word,0.6136307384900297
ldt2_s04,word,0.6654381845005758
ldt2_s04,word,0.6474115064657786
ldt2_s04,word,0.6440391002116085
ldt2_s04,word,0.6353221603877894
ldt2_s04,word,0.7755718152276998
ldt2_s04,word,0.7213275538679915
ldt2_s04,word,0.7348736382671496
ldt2_s04,word,0.5241662392950728
ldt2_s04,word,0.6890724153390984
ldt2_s04,word,0.6032517029866933
ldt2_s04,word,0.6048073968543144
ldt2_s04,word,0.7218105000167129
ldt2_s04,word,0.6253192797181036
ldt2_s04,word,0.6479795776701102
ldt2_s04,word,0.699887321999401
ldt2_s04,word,0.7324287417979107
ldt2_s04,word,0.6255615967759648
ldt2_s04,word,0.7150063912640677
ldt2_s04,word,0.5916245237241666
ldt2_s04,word,0.6486909653975848
ldt2_s04,word,0.6538272009911741
ldt2_s04,word,0.5931173517132067
ldt2_s04,word,0.6612388065762611
ldt2_s04,word,0.5928422903390734
ldt2_s04,nonword,1.046583509941917
ldt2_s04,nonword,0.9545802086357458
ldt2_s04,nonword,1.0577100320482495
ldt2_s04,nonword,0.9732997411189138
ldt2_s04,nonword,0.8838320463041187
ldt2_s04,nonword,0.9441475478351218
ldt2_s04,nonword,1.0331287296429914
ldt2_s04,nonword,0.8727385162759427
ldt2_s04,nonword,0.9262085109921444
ldt2_s04,nonword,0.95915868165289
ldt2_s04,nonword,0.975732792847781
ldt2_s04,nonword,1.0218496065352556
ldt2_s04,nonword,0.8420239775527943
ldt2_s04,nonword,0.9928325283263727
ldt2_s04,nonword,0.9060109118137908
ldt2_s04,nonword,1.016362577172093
ldt2_s04,nonword,1.034377322650687
ldt2_s04,nonword,1.0023387143293234
ldt2_s04,nonword,0.9781339247404092
ldt2_s04,nonword,0.9636592068610907
ldt2_s04,nonword,0.9575931516669409
ldt2_s04,nonword,0.9134489388803886
ldt2_s04,nonword,0.8899380461503222
ldt2_s04,nonword,1.0402486863167757
ldt2_s04,nonword,0.9178196439058725
