ID,condition,RT
ldt2_s16,word,0.4322738038138249
ldt2_s16,word,0.4487727926740974
ldt2_s16,word,0.410874749216836
ldt2_s16,word,0.4434788336344524
ldt2_s16,word,0.44080481891976286
ldt2_s16,word,0.4214135077000965
ldt2_s16,word,0.4865816308964278
ldt2_s16,word,0.46178694879205184
ldt2_s16,word,0.4070749812833332
ldt2_s16,word,0.4160133188760924
ldt2_s16,word,0.42463307260384736
ldt2_s16,word,0.5118848203010701
ldt2_s16,word,0.4789635407049422
ldt2_s16,word,0.49232644547093257
ldt2_s16,word,0.43232907667913184
ldt2_s16,word,0.42838012501285544
ldt2_s16,word,0.4255581916950196
ldt2_s16,word,0.4749057135526271
ldt2_s16,word,0.44885327578954193
ldt2_s16,word,0.48924634125674943
ldt2_s16,word,0.49464244455959117
ldt2_s16,word,0.4821880882101084
ldt2_s16,word,0.536191035161629
ldt2_s16,word,0.40099754175892877
ldt2_s16,word,0.45871793389795107
ldt2_s16,nonword,0.955907803805881
ldt2_s16,nonword,1.0155721975751408
ldt2_s16,nonword,1.0272206656945293
ldt2_s16,nonword,1.0381166859880946
ldt2_s16,nonword,0.9673715496367272
ldt2_s16,nonword,0.8835732392403479
ldt2_s16,nonword,1.0026290074612467
ldt2_s16,nonword,0.9847304021696608
ldt2_s16,nonword,1.0386168595678011
ldt2_s16,nonword,0.918927799802144
ldt2_s16,nonword,1.0331162354515901
ldt2_s16,nonword,0.9987965630340205
ldt2_s16,nonword,0.9670814413510619
ldt2_s16,nonword,0.9771059511104487
ldt2_s16,nonword,0.96273865198176
ldt2_s16,nonword,1.0143782016517913
ldt2_s16,nonword,1.075249468250996
ldt2_s16,nonword,0.9756552662703619
ldt2_s16,nonword,0.9785377027843167
ldt2_s16,nonword,0.9736486546354739
ldt2_s16,nonword,1.0230052900754725
ldt2_s16,nonword,0.8741125750837898
ldt2_s16,nonword,0.9544868413945276
ldt2_s16,nonword,1.0343427932514868
ldt2_s16,nonword,0.9639864823560759
