ID,condition,RT
ldt2_s05,word,0.6640313214919914
ldt2_s05,word,0.5303684000323459
ldt2_s05,word,0.678836332400248
ldt2_s05,word,0.6075006643431468
ldt2_s05,word,0.6727661496992655
ldt2_s05,word,0.6895823349289075
ldt2_s05,word,0.5912053893192147
ldt2_s05,word,0.715913153935965
ldt2_s05,word,0.6527647052877513
ldt2_s05,word,0.5797512161425523
ldt2_s05,word,0.5921686610120734
ldt2_s05,word,0.6567698629550577
ldt2_s05,word,0.6776225197471712
ldt2_s05,word,0.562400152123219
ldt2_s05,word,0.7229180239036034
ldt2_s05,word,0.6619730726614781
ldt2_s05,word,0.5962881361826609
ldt2_s05,word,0.6555245592531672
ldt2_s05,word,0.6011720202861732
ldt2_s05,word,0.6707170976233865
ldt2_s05,word,0.5722090335083815
ldt2_s05,word,0.639182415184683
ldt2_s05,word,0.6263977303251496
ldt2_s05,word,0.6401758656230976
ldt2_s05,word,0.6653100140254028
ldt2_s05,nonword,0.7304081309455325
ldt2_s05,nonword,0.6719290154217196
ldt2_s05,nonword,0.7235802246538681
ldt2_s05,nonword,0.70624629307599
ldt2_s05,nonword,0.6516573743158254
ldt2_s05,nonword,0.6642571562069414
ldt2_s05,nonword,0.7562873865939271
ldt2_s05,nonword,0.5713594066164089
ldt2_s05,nonword,0.7291795128225996
ldt2_s05,nonword,0.7335947593089804
ldt2_s05,nonword,0.7731303290576738
ldt2_s05,nonword,0.6790219831808623
ldt2_s05,nonword,0.7369041891043852
ldt2_s05,nonword,0.803072392811946
ldt2_s05,nonword,0.6897976706938967
ldt2_s05,nonword,0.7757950980510188
ldt2_s05,nonword,0.7477415460216961
ldt2_s05,nonword,0.7218289504884196
ldt2_s05,nonword,0.6077456841437896
ldt2_s05,nonword,0.6346003916963779
ldt2_s05,nonword,0.7009550765499535
ldt2_s05,nonword,0.7384459828222085
ldt2_s05,nonword,0.6637123381730271
ldt2_s05,nonword,0.6558480873963716
ldt2_s05,nonword,0.6366753990165221
