ID,condition,RT
ldt2_s07,word,0.6935809054403062
ldt2_s07,word,0.5378530135247118
ldt2_s07,word,0.5437649147487261
ldt2_s07,word,0.6382223964580063
ldt2_s07,word,0.609314430838991
ldt2_s07,word,0.7111666540884876
ldt2_s07,word,0.6366369954323309
ldt2_s07,word,0.5839868647991588
ldt2_s07,word,0.5871630582233203
ldt2_s07,word,0.7278536634001971
ldt2_s07,word,0.5902779639442105
ldt2_s07,word,0.5886713539884226
ldt2_s07,word,0.4851539474540976
ldt2_s07,word,0.5714345716026522
ldt2_s07,word,0.5254227010790075
ldt2_s07,word,0.49348667222211673
ldt2_s07,word,0.5918412247254786
ldt2_s07,word,0.5870361833747625
ldt2_s07,word,0.613647263337775
ldt2_s07,word,0.5709371400614702
ldt2_s07,word,0.5313351995893908
ldt2_s07,word,0.5344472407114753
ldt2_s07,word,0.6178592695667002
ldt2_s07,word,0.4873994254040173
ldt2_s07,word,0.6191361633966406
ldt2_s07,nonword,0.6586878637944119
ldt2_s07,nonword,0.6649590754465087
ldt2_s07,nonword,0.6849909148480225
ldt2_s07,nonword,0.8293370154651318
ldt2_s07,nonword,0.6537304463820552
ldt2_s07,nonword,0.6828538503882748
ldt2_s07,nonword,0.6465830963058415
ldt2_s07,nonword,0.5764900967616398
ldt2_s07,nonword,0.5927940919273341
ldt2_s07,nonword,0.5924497971497286
ldt2_s07,nonword,0.6789710594727055
ldt2_s07,nonword,0.7990688360748324
ldt2_s07,nonword,0.7385088280584303
ldt2_s07,nonword,0.6222767876100811
ldt2_s07,nonword,0.6049856219874815
ldt2_s07,nonword,0.6212955086933757
ldt2_s07,nonword,0.5680866520239103
ldt2_s07,nonword,0.6275265512712915
ldt2_s07,nonword,0.7079757285770011
ldt2_s07,nonword,0.6689383899705013
ldt2_s07,nonword,0.6358054114135427
ldt2_s07,nonword,0.589515728987547
ldt2_s07,nonword,0.6581224958808126
ldt2_s07,nonword,0.6269890462368635
ldt2_s07,nonword,0.6021341147511354
