trial,RT
1,0.433093893
2,0.392526034
3,0.396830804
4,0.417987737
5,0.371810078
6,0.659228422
7,0.411051235
8,0.409580168
9,0.486828076
10,0.468912134