trial,RT
1,0.322098869
2,0.396105925
3,0.38429683
4,0.36452361
5,0.45407516
6,0.494156333
7,0.492786617
8,0.50683596
9,0.340722383
10,0.704491148