Trial,RT
0,0.844168374
1,0.913047804
2,0.843295483
3,0.530306337
4,0.266714695
5,0.707005925
6,0.973192753
7,0.432561621
8,0.522105952
9,0.876625842
10,0.410010544