Trial_Num,RT
1,0.611653
2,0.007066
3,0.023062
4,0.524775
5,0.399861
6,0.046666
7,0.973756
8,0.232771
9,0.090606
10,0.618386