trial,RT
1,0.508971072
2,0.389857974
3,0.404175466
4,0.269520309
5,0.437764713
6,0.368141756
7,0.400544278
8,0.335198066
9,0.341722042
10,0.439583357