participantID,trial,RT
s1,1,0.508971072
s1,2,0.389857974
s1,3,0.404175466
s1,4,0.269520309
s1,5,0.437764713
s1,6,0.368141756
s1,7,0.400544278
s1,8,0.335198066
s1,9,0.341722042
s1,10,0.439583357