participantID,trial,RT
s2,1,0.433093893
s2,2,0.392526034
s2,3,0.396830804
s2,4,0.417987737
s2,5,0.371810078
s2,6,0.659228422
s2,7,0.411051235
s2,8,0.409580168
s2,9,0.486828076
s2,10,0.468912134