participantID,trial,RT
s3,1,0.322098869
s3,2,0.396105925
s3,3,0.38429683
s3,4,0.36452361
s3,5,0.45407516
s3,6,0.494156333
s3,7,0.492786617
s3,8,0.50683596
s3,9,0.340722383
s3,10,0.704491148